take	remove	V	6.81	SYNONYMS
walk	trail	V	4.81	COHYPONYMS
shine	polish	V	7.80	SYNONYMS
cheat	sneak	V	3.65	NONE
smell	sniff	V	7.97	HYPER/HYPONYMS
plow	dig	V	6.64	NONE
believe	pretend	V	1.66	NONE
tap	pat	V	6.97	NONE
crunch	crack	V	3.65	NONE
try	practice	V	4.65	NONE
tear	fold	V	0.66	NONE
replace	move	V	1.49	HYPER/HYPONYMS
respond	ignore	V	0.83	NONE
laugh	sing	V	1.99	NONE
attack	sneak	V	1.66	COHYPONYMS
miss	catch	V	0.00	NONE
feel	touch	V	7.80	HYPER/HYPONYMS
connect	separate	V	1.49	ANTONYMS
protect	defend	V	7.80	HYPER/HYPONYMS
drive	walk	V	1.49	COHYPONYMS
build	grow	V	4.81	HYPER/HYPONYMS
cover	protect	V	6.81	HYPER/HYPONYMS
dislike	ignore	V	3.15	NONE
reflect	look	V	4.15	NONE
defeat	beat	V	8.47	HYPER/HYPONYMS
remind	repeat	V	5.31	NONE
go	let	V	2.82	NONE
shake	shiver	V	6.31	HYPER/HYPONYMS
take	carry	V	5.64	HYPER/HYPONYMS
ask	tell	V	0.66	HYPER/HYPONYMS
bend	break	V	4.65	NONE
tear	break	V	6.14	COHYPONYMS
jump	skip	V	5.48	SYNONYMS
agree	admit	V	3.98	NONE
give	bring	V	4.98	COHYPONYMS
go	move	V	6.31	SYNONYMS
kill	shoot	V	5.31	HYPER/HYPONYMS
crunch	chew	V	6.47	HYPER/HYPONYMS
carry	tow	V	4.98	NONE
sing	hum	V	5.98	COHYPONYMS
believe	know	V	3.65	NONE
hurt	smash	V	4.65	HYPER/HYPONYMS
prefer	hate	V	1.00	NONE
cook	bake	V	7.80	HYPER/HYPONYMS
break	destroy	V	8.30	HYPER/HYPONYMS
hit	slap	V	7.97	NONE
wrap	tie	V	5.31	NONE
pounce	bounce	V	2.99	NONE
respect	like	V	5.48	COHYPONYMS
put	take	V	1.49	HYPER/HYPONYMS
charge	cover	V	1.66	NONE
melt	freeze	V	0.17	ANTONYMS
flap	fold	V	2.16	NONE
die	survive	V	0.15	NONE
pull	lift	V	2.82	COHYPONYMS
live	let	V	1.99	NONE
destroy	kill	V	7.80	HYPER/HYPONYMS
buy	sell	V	0.00	ANTONYMS
rise	wake	V	8.30	NONE
pray	kneel	V	1.83	NONE
jump	climb	V	1.99	HYPER/HYPONYMS
rescue	survive	V	1.16	NONE
look	examine	V	8.30	HYPER/HYPONYMS
take	use	V	3.15	HYPER/HYPONYMS
color	decorate	V	4.48	COHYPONYMS
get	achieve	V	6.31	NONE
treat	buy	V	4.98	NONE
dump	waste	V	5.98	COHYPONYMS
know	meet	V	2.82	NONE
beat	kill	V	3.65	HYPER/HYPONYMS
gulp	slurp	V	4.98	NONE
say	speak	V	9.30	NONE
tend	help	V	7.47	HYPER/HYPONYMS
see	meet	V	5.31	SYNONYMS
kick	punch	V	1.66	COHYPONYMS
claim	take	V	5.15	SYNONYMS
sell	borrow	V	0.66	NONE
skip	miss	V	7.14	HYPER/HYPONYMS
talk	describe	V	5.15	NONE
wipe	wash	V	4.81	NONE
pray	hope	V	6.97	NONE
search	seek	V	9.63	SYNONYMS
lean	fall	V	2.16	HYPER/HYPONYMS
get	grab	V	6.31	HYPER/HYPONYMS
control	hold	V	5.15	HYPER/HYPONYMS
disturb	interrupt	V	8.63	SYNONYMS
seem	appear	V	7.64	SYNONYMS
repeat	do	V	2.99	NONE
separate	combine	V	0.50	ANTONYMS
have	hold	V	4.81	SYNONYMS
kill	live	V	0.33	NONE
run	hurry	V	5.98	HYPER/HYPONYMS
rub	hold	V	1.49	NONE
finish	start	V	0.50	ANTONYMS
pull	tow	V	7.30	HYPER/HYPONYMS
swap	give	V	3.17	NONE
hike	trail	V	5.48	NONE
sneak	lie	V	5.48	NONE
brush	paint	V	6.97	COHYPONYMS
want	get	V	2.16	NONE
create	imagine	V	4.81	HYPER/HYPONYMS
travel	move	V	6.47	SYNONYMS
desire	need	V	5.13	NONE
think	realize	V	5.15	NONE
boom	crash	V	6.31	COHYPONYMS
replace	fix	V	2.11	NONE
fall	dive	V	4.15	HYPER/HYPONYMS
respond	speak	V	7.30	NONE
travel	go	V	7.97	SYNONYMS
accept	allow	V	6.94	HYPER/HYPONYMS
jump	dive	V	5.15	HYPER/HYPONYMS
bring	carry	V	4.98	HYPER/HYPONYMS
get	ask	V	2.49	COHYPONYMS
spin	turn	V	6.97	HYPER/HYPONYMS
break	replace	V	0.50	HYPER/HYPONYMS
run	hide	V	1.00	NONE
start	begin	V	8.80	SYNONYMS
weave	drive	V	0.91	COHYPONYMS
prepare	cook	V	6.14	SYNONYMS
pretend	imitate	V	4.65	NONE
lose	forget	V	4.07	HYPER/HYPONYMS
hunt	kill	V	6.81	NONE
let	allow	V	8.80	SYNONYMS
look	appear	V	4.98	SYNONYMS
dive	swim	V	4.32	HYPER/HYPONYMS
dance	sway	V	3.82	NONE
whisper	yell	V	0.83	NONE
become	make	V	4.15	HYPER/HYPONYMS
scare	surprise	V	5.31	NONE
sway	move	V	6.81	HYPER/HYPONYMS
go	send	V	1.49	NONE
float	drift	V	7.30	SYNONYMS
concentrate	wander	V	0.50	NONE
suppose	guess	V	7.14	SYNONYMS
split	leave	V	2.99	NONE
get	put	V	1.33	NONE
receive	send	V	2.32	NONE
begin	introduce	V	4.32	HYPER/HYPONYMS
call	yell	V	7.64	SYNONYMS
cook	mix	V	3.49	COHYPONYMS
attack	beat	V	7.80	NONE
sew	rip	V	0.83	NONE
call	respond	V	5.15	NONE
lose	find	V	0.00	ANTONYMS
hurry	rush	V	9.79	HYPER/HYPONYMS
convince	lie	V	1.49	NONE
enjoy	relax	V	5.81	NONE
introduce	show	V	6.14	NONE
sit	lie	V	3.32	ANTONYMS
appear	see	V	3.65	NONE
flow	pour	V	5.31	HYPER/HYPONYMS
play	swing	V	3.15	HYPER/HYPONYMS
drip	sink	V	1.99	COHYPONYMS
sink	float	V	0.33	ANTONYMS
remind	think	V	3.32	NONE
take	replace	V	1.16	NONE
run	escape	V	4.65	HYPER/HYPONYMS
take	choose	V	3.82	SYNONYMS
fly	launch	V	4.32	NONE
tell	talk	V	8.30	HYPER/HYPONYMS
boil	fry	V	3.32	NONE
keep	hold	V	6.14	SYNONYMS
yawn	stretch	V	2.32	NONE
make	do	V	4.15	SYNONYMS
grill	burn	V	2.99	NONE
grab	hold	V	7.97	NONE
smoke	cough	V	2.66	NONE
think	pause	V	4.48	NONE
help	participate	V	6.14	NONE
fight	kill	V	4.15	NONE
rise	lift	V	7.47	SYNONYMS
swap	change	V	7.97	HYPER/HYPONYMS
crawl	climb	V	2.32	NONE
see	hear	V	1.99	SYNONYMS
win	fight	V	2.49	NONE
leap	fall	V	1.66	NONE
beat	hurt	V	5.64	NONE
fall	rise	V	0.33	ANTONYMS
climb	fall	V	1.49	ANTONYMS
burn	melt	V	5.81	NONE
let	release	V	4.65	NONE
describe	write	V	3.65	HYPER/HYPONYMS
hear	tell	V	0.83	NONE
grasp	understand	V	8.47	HYPER/HYPONYMS
destroy	repair	V	0.83	NONE
combine	join	V	7.47	NONE
join	gather	V	5.15	NONE
bend	turn	V	3.32	HYPER/HYPONYMS
stop	whistle	V	0.33	NONE
die	crash	V	2.82	HYPER/HYPONYMS
realize	discover	V	7.14	NONE
guess	try	V	2.32	NONE
rub	grate	V	5.15	HYPER/HYPONYMS
drag	pull	V	7.30	HYPER/HYPONYMS
spell	speak	V	2.16	NONE
hide	bury	V	5.31	HYPER/HYPONYMS
hide	find	V	1.66	NONE
relax	stretch	V	3.65	NONE
waste	throw	V	2.66	NONE
bury	forget	V	3.98	SYNONYMS
learn	teach	V	2.82	SYNONYMS
come	bring	V	1.83	NONE
wait	stay	V	6.47	NONE
burst	laugh	V	2.16	NONE
lose	defeat	V	2.32	NONE
speak	listen	V	0.66	NONE
organize	prepare	V	7.30	SYNONYMS
ask	suggest	V	4.32	NONE
walk	talk	V	1.33	NONE
toast	burn	V	5.64	NONE
drink	gulp	V	6.47	HYPER/HYPONYMS
protect	help	V	5.15	NONE
admit	give	V	2.32	ANTONYMS
stay	come	V	1.00	NONE
win	finish	V	4.48	NONE
lean	sway	V	6.14	NONE
want	hope	V	5.15	HYPER/HYPONYMS
slide	show	V	0.66	NONE
choke	swallow	V	0.50	NONE
keep	snatch	V	1.83	NONE
sprinkle	pour	V	2.66	COHYPONYMS
do	perform	V	7.47	SYNONYMS
supply	give	V	6.97	HYPER/HYPONYMS
get	have	V	7.64	HYPER/HYPONYMS
change	replace	V	6.81	HYPER/HYPONYMS
build	destroy	V	0.50	NONE
survive	struggle	V	3.32	NONE
crash	wreck	V	6.64	NONE
release	go	V	3.82	NONE
leave	escape	V	5.64	HYPER/HYPONYMS
hold	hug	V	7.64	HYPER/HYPONYMS
run	charge	V	5.15	NONE
drift	move	V	5.31	HYPER/HYPONYMS
mow	plow	V	4.32	NONE
rinse	wash	V	7.64	SYNONYMS
visit	travel	V	6.31	HYPER/HYPONYMS
receive	give	V	0.66	NONE
print	press	V	5.31	NONE
express	tell	V	5.98	HYPER/HYPONYMS
break	connect	V	0.33	NONE
hate	respect	V	0.17	NONE
scribble	draw	V	8.13	HYPER/HYPONYMS
grab	release	V	0.33	NONE
comfort	relax	V	5.15	NONE
sweat	shiver	V	1.16	NONE
exist	die	V	1.16	NONE
squeeze	crush	V	7.30	SYNONYMS
solve	find	V	6.14	NONE
show	dance	V	2.82	NONE
stretch	pull	V	6.47	HYPER/HYPONYMS
disturb	awake	V	5.43	NONE
talk	pray	V	2.49	NONE
leap	hop	V	6.31	HYPER/HYPONYMS
blow	pop	V	2.49	COHYPONYMS
believe	accept	V	5.64	HYPER/HYPONYMS
attack	kill	V	4.23	NONE
tell	suggest	V	3.65	HYPER/HYPONYMS
reflect	see	V	4.15	NONE
split	crack	V	7.97	NONE
pay	buy	V	5.48	HYPER/HYPONYMS
deliver	take	V	2.49	NONE
sneak	slither	V	4.81	NONE
watch	examine	V	7.24	HYPER/HYPONYMS
move	stay	V	0.50	ANTONYMS
listen	learn	V	1.33	NONE
remove	add	V	0.17	ANTONYMS
win	play	V	1.16	NONE
remember	realize	V	5.64	NONE
tumble	fall	V	8.30	HYPER/HYPONYMS
fight	tackle	V	3.82	NONE
disturb	upset	V	5.98	SYNONYMS
meet	swap	V	1.83	NONE
snap	break	V	7.70	HYPER/HYPONYMS
boom	explode	V	8.63	NONE
get	replace	V	4.15	NONE
toss	turn	V	4.23	HYPER/HYPONYMS
save	rescue	V	9.79	HYPER/HYPONYMS
upset	hurt	V	6.31	HYPER/HYPONYMS
help	lend	V	5.98	NONE
move	avoid	V	3.65	NONE
talk	communicate	V	7.47	HYPER/HYPONYMS
slurp	suck	V	5.81	NONE
stop	go	V	1.16	HYPER/HYPONYMS
hike	walk	V	7.30	HYPER/HYPONYMS
show	express	V	6.64	SYNONYMS
choke	cough	V	3.32	NONE
ride	drive	V	4.98	SYNONYMS
perform	dance	V	6.31	NONE
squeak	crack	V	2.16	NONE
call	collect	V	1.81	NONE
sip	gulp	V	2.99	COHYPONYMS
cover	bury	V	6.97	COHYPONYMS
hit	beat	V	7.97	COHYPONYMS
change	spare	V	1.83	NONE
tickle	giggle	V	3.32	NONE
bother	affect	V	5.98	HYPER/HYPONYMS
go	start	V	8.30	SYNONYMS
draw	attract	V	3.32	HYPER/HYPONYMS
sit	rise	V	0.30	ANTONYMS
protect	watch	V	4.98	NONE
achieve	accomplish	V	8.47	SYNONYMS
read	write	V	1.81	NONE
shake	dance	V	5.15	COHYPONYMS
attempt	try	V	8.63	SYNONYMS
grind	smash	V	4.65	NONE
need	depend	V	5.81	NONE
defend	help	V	5.64	NONE
bake	fry	V	4.81	COHYPONYMS
snuggle	hug	V	6.97	NONE
tear	wear	V	1.49	NONE
watch	see	V	8.13	HYPER/HYPONYMS
avoid	hide	V	5.81	NONE
show	perform	V	6.14	NONE
become	arrive	V	1.33	NONE
talk	argue	V	3.82	HYPER/HYPONYMS
admit	tell	V	4.98	NONE
go	stay	V	0.00	ANTONYMS
concentrate	think	V	7.97	HYPER/HYPONYMS
save	help	V	8.30	NONE
give	return	V	3.32	HYPER/HYPONYMS
slide	fall	V	3.82	NONE
blow	whistle	V	2.82	COHYPONYMS
practice	repeat	V	7.47	NONE
rip	tear	V	9.96	HYPER/HYPONYMS
hit	connect	V	3.82	HYPER/HYPONYMS
yell	scream	V	8.00	SYNONYMS
mend	break	V	1.00	ANTONYMS
organize	gather	V	4.81	NONE
ask	please	V	1.66	NONE
change	affect	V	6.97	HYPER/HYPONYMS
suppose	imagine	V	6.31	SYNONYMS
follow	come	V	4.15	SYNONYMS
spend	save	V	1.00	HYPER/HYPONYMS
tap	touch	V	7.64	HYPER/HYPONYMS
meet	introduce	V	2.82	NONE
sew	weave	V	5.15	NONE
shrink	grow	V	1.00	NONE
destroy	smash	V	6.79	HYPER/HYPONYMS
steal	sneak	V	6.14	HYPER/HYPONYMS
run	rush	V	6.81	HYPER/HYPONYMS
lean	stand	V	3.98	COHYPONYMS
return	take	V	1.49	HYPER/HYPONYMS
choke	die	V	4.65	SYNONYMS
teach	show	V	5.81	NONE
fight	disagree	V	5.98	NONE
follow	chase	V	7.14	HYPER/HYPONYMS
destroy	explode	V	4.15	HYPER/HYPONYMS
enjoy	participate	V	2.32	NONE
laugh	tickle	V	3.98	NONE
tell	convince	V	4.48	NONE
achieve	finish	V	5.48	NONE
scratch	rub	V	3.98	SYNONYMS
stamp	lick	V	0.17	NONE
hurt	ache	V	5.64	SYNONYMS
wrap	cover	V	8.47	HYPER/HYPONYMS
help	hurt	V	0.00	NONE
think	reflect	V	8.13	HYPER/HYPONYMS
follow	lead	V	0.17	ANTONYMS
ignore	hurt	V	2.66	NONE
realize	set	V	1.16	NONE
exchange	swap	V	9.63	HYPER/HYPONYMS
destroy	crush	V	6.97	NONE
enter	admit	V	5.31	NONE
deliver	give	V	6.97	HYPER/HYPONYMS
prove	show	V	6.31	SYNONYMS
blow	hit	V	3.15	COHYPONYMS
chew	bite	V	6.97	NONE
float	swim	V	4.65	COHYPONYMS
spill	pour	V	4.65	COHYPONYMS
hurt	fall	V	2.32	NONE
correct	fix	V	8.30	NONE
blame	hate	V	3.15	NONE
flip	flap	V	1.99	NONE
glide	flow	V	4.15	NONE
drink	quench	V	6.34	NONE
scratch	hurt	V	4.32	NONE
go	leave	V	8.45	HYPER/HYPONYMS
begin	stop	V	0.33	ANTONYMS
scribble	write	V	6.97	HYPER/HYPONYMS
think	feel	V	3.32	HYPER/HYPONYMS
swim	dip	V	3.15	ANTONYMS
smell	sweat	V	4.32	NONE
stumble	fall	V	7.47	NONE
crunch	bite	V	6.64	NONE
smash	break	V	9.46	HYPER/HYPONYMS
wash	soak	V	5.15	NONE
run	skip	V	4.15	NONE
reflect	shine	V	6.14	SYNONYMS
excuse	interrupt	V	0.66	NONE
speak	tell	V	6.81	NONE
punch	fight	V	6.14	NONE
push	fight	V	4.98	HYPER/HYPONYMS
learn	read	V	2.32	SYNONYMS
explain	describe	V	8.13	HYPER/HYPONYMS
leave	excuse	V	4.38	NONE
hit	pinch	V	2.99	NONE
frighten	scare	V	8.96	NONE
whistle	hum	V	4.98	COHYPONYMS
play	perform	V	5.98	HYPER/HYPONYMS
leave	take	V	1.16	ANTONYMS
wreck	drive	V	0.91	NONE
help	cry	V	0.66	NONE
catch	chase	V	3.49	NONE
travel	roam	V	4.83	HYPER/HYPONYMS
attack	fight	V	6.97	HYPER/HYPONYMS
bother	interrupt	V	6.14	NONE
receive	deliver	V	1.49	NONE
capture	take	V	7.47	HYPER/HYPONYMS
move	leave	V	4.81	HYPER/HYPONYMS
achieve	try	V	4.15	NONE
come	leave	V	1.00	ANTONYMS
smell	taste	V	2.49	COHYPONYMS
lower	raise	V	0.00	ANTONYMS
sink	dip	V	6.14	SYNONYMS
hate	ignore	V	1.49	NONE
play	lead	V	2.32	NONE
drink	pop	V	0.50	HYPER/HYPONYMS
sneak	hide	V	5.64	NONE
wiggle	move	V	7.14	HYPER/HYPONYMS
miss	hit	V	0.17	ANTONYMS
move	change	V	4.15	HYPER/HYPONYMS
tow	move	V	4.48	HYPER/HYPONYMS
tell	describe	V	7.64	NONE
talk	listen	V	1.16	NONE
heal	help	V	5.31	HYPER/HYPONYMS
search	look	V	9.63	SYNONYMS
lie	promise	V	0.33	COHYPONYMS
set	swing	V	1.66	HYPER/HYPONYMS
talk	say	V	8.96	NONE
die	kill	V	0.83	NONE
touch	kiss	V	3.49	HYPER/HYPONYMS
loosen	tie	V	0.33	ANTONYMS
gather	collect	V	9.63	SYNONYMS
have	want	V	1.83	NONE
fly	soar	V	8.30	HYPER/HYPONYMS
stop	stay	V	6.47	HYPER/HYPONYMS
lose	control	V	0.17	NONE
glide	hang	V	1.66	NONE
grab	take	V	5.98	HYPER/HYPONYMS
hop	jump	V	6.81	HYPER/HYPONYMS
argue	disagree	V	6.64	NONE
slide	move	V	4.48	HYPER/HYPONYMS
walk	crawl	V	2.32	COHYPONYMS
snore	snooze	V	4.15	NONE
look	see	V	7.97	HYPER/HYPONYMS
tell	lie	V	2.16	NONE
cover	spread	V	4.98	HYPER/HYPONYMS
take	snatch	V	7.80	HYPER/HYPONYMS
cover	hide	V	6.47	HYPER/HYPONYMS
keep	save	V	8.47	HYPER/HYPONYMS
allow	go	V	2.66	NONE
forget	leave	V	3.15	SYNONYMS
defend	stand	V	1.66	HYPER/HYPONYMS
overcome	conquer	V	7.80	HYPER/HYPONYMS
deliver	bring	V	6.14	HYPER/HYPONYMS
kneel	sit	V	2.82	NONE
hurt	limp	V	2.99	NONE
make	design	V	4.81	HYPER/HYPONYMS
like	want	V	3.82	HYPER/HYPONYMS
accept	understand	V	7.30	HYPER/HYPONYMS
wiggle	giggle	V	0.83	NONE
hop	skip	V	5.81	SYNONYMS
push	pull	V	0.83	ANTONYMS
scream	roar	V	7.14	HYPER/HYPONYMS
convince	talk	V	4.32	NONE
give	sell	V	2.32	HYPER/HYPONYMS
rise	lower	V	0.33	NONE
hurt	cry	V	2.49	NONE
stop	flow	V	0.17	NONE
come	go	V	1.83	HYPER/HYPONYMS
bake	make	V	6.19	HYPER/HYPONYMS
attack	tackle	V	5.15	HYPER/HYPONYMS
run	flow	V	2.66	SYNONYMS
move	turn	V	4.81	HYPER/HYPONYMS
enter	leave	V	1.16	ANTONYMS
grab	reach	V	7.14	COHYPONYMS
agree	disagree	V	0.66	ANTONYMS
replace	fill	V	3.15	NONE
hurt	whip	V	3.98	NONE
yell	roar	V	7.47	HYPER/HYPONYMS
hurt	feel	V	5.15	COHYPONYMS
fall	bounce	V	1.66	COHYPONYMS
choose	pick	V	9.63	HYPER/HYPONYMS
sew	knit	V	5.98	NONE
wipe	spill	V	1.00	NONE
affect	respond	V	1.66	NONE
deliver	send	V	6.14	NONE
fix	mend	V	9.30	SYNONYMS
become	grow	V	5.15	HYPER/HYPONYMS
learn	know	V	5.64	NONE
cook	boil	V	5.98	COHYPONYMS
respond	talk	V	4.98	NONE
yell	hoot	V	3.49	NONE
kick	hurt	V	3.98	NONE
be	become	V	5.81	NONE
leave	return	V	0.15	NONE
kneel	bend	V	4.81	NONE
lie	admit	V	3.32	NONE
pinch	punch	V	2.99	NONE
hit	pat	V	3.98	NONE
convince	explain	V	5.31	NONE
exist	live	V	8.30	SYNONYMS
keep	find	V	3.49	NONE
receive	take	V	5.98	HYPER/HYPONYMS
know	think	V	2.57	HYPER/HYPONYMS
send	get	V	1.83	NONE
beat	whip	V	5.81	HYPER/HYPONYMS
win	lose	V	1.66	ANTONYMS
hit	punch	V	7.64	HYPER/HYPONYMS
jump	flip	V	3.98	COHYPONYMS
argue	discuss	V	4.15	NONE
guess	know	V	1.83	NONE
burst	explode	V	8.13	SYNONYMS
prepare	fix	V	3.15	HYPER/HYPONYMS
do	participate	V	7.97	NONE
explain	understand	V	1.66	NONE
crawl	run	V	1.33	COHYPONYMS
hurt	bite	V	4.48	HYPER/HYPONYMS
ignore	avoid	V	8.47	NONE
pinch	squeeze	V	6.64	SYNONYMS
conquer	win	V	7.47	NONE
grant	give	V	6.97	HYPER/HYPONYMS
command	tell	V	7.80	HYPER/HYPONYMS
cry	upset	V	5.98	NONE
suggest	say	V	5.81	HYPER/HYPONYMS
sway	swing	V	7.47	SYNONYMS
spell	write	V	5.31	SYNONYMS
carry	hold	V	7.09	HYPER/HYPONYMS
slide	swing	V	3.49	COHYPONYMS
collect	keep	V	5.15	HYPER/HYPONYMS
stray	wander	V	7.47	SYNONYMS
remove	strip	V	7.47	HYPER/HYPONYMS
pretend	imagine	V	6.97	NONE
bump	hit	V	7.30	HYPER/HYPONYMS
appear	come	V	3.65	NONE
grind	grate	V	6.47	SYNONYMS
pop	explode	V	6.97	NONE
tell	listen	V	0.66	NONE
smell	touch	V	1.00	COHYPONYMS
release	relax	V	4.48	NONE
grasp	hold	V	9.30	HYPER/HYPONYMS
explode	blow	V	5.81	NONE
wander	search	V	6.97	NONE
whisper	scream	V	0.33	NONE
punch	drink	V	0.83	NONE
grab	pick	V	6.81	NONE
bend	stretch	V	6.14	NONE
pour	drip	V	3.15	HYPER/HYPONYMS
repair	replace	V	2.66	NONE
crush	grind	V	7.47	COHYPONYMS
do	stop	V	0.33	NONE
pop	burst	V	8.80	HYPER/HYPONYMS
make	break	V	0.17	ANTONYMS
weave	knit	V	6.14	COHYPONYMS
lean	lay	V	2.32	HYPER/HYPONYMS
pay	treat	V	5.15	NONE
wander	worry	V	1.66	NONE
steal	cheat	V	3.98	NONE
cough	sneeze	V	3.15	NONE
prefer	want	V	6.14	NONE
knock	tap	V	5.31	SYNONYMS
let	do	V	0.66	NONE
begin	finish	V	1.83	ANTONYMS
interrupt	break	V	4.65	SYNONYMS
pluck	pull	V	6.47	HYPER/HYPONYMS
make	create	V	8.60	SYNONYMS
change	become	V	5.48	HYPER/HYPONYMS
bump	knock	V	7.47	SYNONYMS
pounce	hit	V	2.49	NONE
listen	watch	V	1.16	NONE
hurt	burn	V	2.99	HYPER/HYPONYMS
leave	visit	V	1.99	NONE
accomplish	finish	V	6.97	HYPER/HYPONYMS
spring	bounce	V	8.80	HYPER/HYPONYMS
laugh	enjoy	V	5.98	NONE
admit	say	V	4.98	NONE
win	overcome	V	5.31	NONE
rip	mend	V	1.49	NONE
hold	stay	V	4.48	COHYPONYMS
cook	fry	V	6.64	HYPER/HYPONYMS
jump	pounce	V	7.97	NONE
help	scream	V	1.16	NONE
grab	snatch	V	7.97	COHYPONYMS
wear	fit	V	4.81	NONE
go	enter	V	5.81	NONE
do	dare	V	1.66	NONE
win	accomplish	V	5.81	HYPER/HYPONYMS
dance	tap	V	2.66	HYPER/HYPONYMS
fit	trim	V	3.65	HYPER/HYPONYMS
send	give	V	5.48	HYPER/HYPONYMS
give	lend	V	6.49	HYPER/HYPONYMS
slither	crawl	V	6.81	COHYPONYMS
tell	remind	V	5.64	NONE
call	talk	V	4.98	HYPER/HYPONYMS
fill	cover	V	3.49	NONE
help	warn	V	3.82	NONE
put	give	V	2.99	HYPER/HYPONYMS
fix	heal	V	7.09	NONE
capture	release	V	0.66	NONE
follow	trail	V	7.47	HYPER/HYPONYMS
cast	break	V	1.33	NONE
greet	meet	V	5.98	NONE
mend	heal	V	6.81	SYNONYMS
steal	snatch	V	6.34	NONE
lie	lay	V	6.31	SYNONYMS
stop	wait	V	5.31	NONE
swim	meet	V	0.50	NONE
change	turn	V	4.15	HYPER/HYPONYMS
hide	scare	V	2.16	NONE
hit	attack	V	6.81	HYPER/HYPONYMS
lick	taste	V	4.98	NONE
exchange	return	V	5.48	NONE
convince	agree	V	1.16	NONE
slap	pat	V	2.99	NONE
scratch	scribble	V	4.15	NONE
crash	smash	V	6.81	COHYPONYMS
sip	swallow	V	5.15	NONE
sniff	scratch	V	0.50	NONE
swap	fly	V	1.00	COHYPONYMS
avoid	miss	V	9.13	HYPER/HYPONYMS
try	convince	V	1.83	NONE
enjoy	live	V	2.82	NONE
concentrate	learn	V	3.49	NONE
slip	slide	V	5.73	SYNONYMS
destroy	make	V	2.26	NONE
appear	show	V	4.98	HYPER/HYPONYMS
toss	catch	V	3.49	NONE
leap	bound	V	7.64	SYNONYMS
conquer	control	V	6.47	HYPER/HYPONYMS
sip	slurp	V	5.81	NONE
smash	crush	V	9.46	SYNONYMS
sneeze	sniff	V	2.82	NONE
throw	kick	V	1.66	COHYPONYMS
flap	cover	V	0.66	NONE
dip	chew	V	1.99	NONE
pull	press	V	2.49	ANTONYMS
shine	rise	V	2.16	NONE
get	give	V	1.49	HYPER/HYPONYMS
move	walk	V	6.81	HYPER/HYPONYMS
leave	travel	V	5.98	NONE
combine	add	V	7.64	HYPER/HYPONYMS
like	enjoy	V	8.63	HYPER/HYPONYMS
travel	fly	V	5.48	HYPER/HYPONYMS
sting	bite	V	3.32	SYNONYMS
pick	prefer	V	6.47	NONE
wag	move	V	3.62	HYPER/HYPONYMS
send	return	V	1.99	HYPER/HYPONYMS
hurt	squeeze	V	2.82	NONE
separate	remove	V	5.15	NONE
ignore	forget	V	2.32	NONE
release	give	V	3.32	COHYPONYMS
catch	lose	V	1.00	NONE
roam	follow	V	2.82	NONE
read	spell	V	1.33	NONE
pause	stop	V	6.64	COHYPONYMS
express	say	V	6.31	HYPER/HYPONYMS
win	defeat	V	1.49	NONE
swallow	gulp	V	8.13	COHYPONYMS
argue	agree	V	1.66	NONE
slip	cover	V	2.16	NONE
fall	stand	V	0.83	COHYPONYMS
fade	disappear	V	8.30	HYPER/HYPONYMS
hurt	soar	V	0.66	NONE
crunch	break	V	4.81	HYPER/HYPONYMS
warn	tell	V	6.14	HYPER/HYPONYMS
have	give	V	1.49	SYNONYMS
sip	stir	V	1.16	NONE
chop	grate	V	3.49	NONE
hate	like	V	1.16	NONE
aim	shoot	V	3.32	NONE
glide	fly	V	7.14	HYPER/HYPONYMS
replace	give	V	1.83	NONE
ask	try	V	1.33	NONE
make	prepare	V	7.30	HYPER/HYPONYMS
touch	pat	V	7.30	HYPER/HYPONYMS
show	hide	V	2.16	ANTONYMS
remember	remind	V	5.98	NONE
hit	knock	V	5.98	HYPER/HYPONYMS
forget	remember	V	0.17	ANTONYMS
talk	participate	V	3.98	NONE
spend	use	V	3.49	NONE
grow	raise	V	7.14	SYNONYMS
steal	lie	V	2.66	NONE
blur	see	V	1.49	NONE
jump	leap	V	9.63	SYNONYMS
fight	hit	V	6.31	HYPER/HYPONYMS
shake	bake	V	0.17	NONE
decide	choose	V	8.80	HYPER/HYPONYMS
do	achieve	V	6.81	NONE
fight	struggle	V	5.81	SYNONYMS
think	guess	V	2.99	SYNONYMS
speak	talk	V	9.30	SYNONYMS
separate	split	V	9.13	SYNONYMS
cast	play	V	4.48	NONE
replace	remove	V	3.15	NONE
accept	take	V	8.30	SYNONYMS
break	burst	V	5.31	HYPER/HYPONYMS
burn	fry	V	5.81	NONE
attack	pounce	V	5.98	NONE
sip	taste	V	4.48	NONE
decorate	change	V	4.48	HYPER/HYPONYMS
say	tell	V	7.47	SYNONYMS
lie	believe	V	0.17	NONE
hurt	sting	V	4.81	HYPER/HYPONYMS
crash	break	V	5.64	HYPER/HYPONYMS
remove	leave	V	4.48	NONE
hold	release	V	1.16	ANTONYMS
walk	ride	V	1.00	ANTONYMS
fix	solve	V	7.47	NONE
promise	break	V	0.33	NONE
leave	arrive	V	0.17	ANTONYMS
pretend	play	V	5.31	HYPER/HYPONYMS
explode	erupt	V	8.30	HYPER/HYPONYMS
agree	accept	V	6.81	HYPER/HYPONYMS
steal	borrow	V	2.49	NONE
learn	think	V	5.64	NONE
turn	stir	V	4.68	COHYPONYMS
munch	crunch	V	6.14	SYNONYMS
pay	receive	V	1.83	NONE
crack	break	V	7.64	SYNONYMS
snap	bite	V	6.47	HYPER/HYPONYMS
excuse	lie	V	3.82	NONE
speak	communicate	V	8.47	HYPER/HYPONYMS
bump	push	V	3.62	NONE
bother	disturb	V	8.13	HYPER/HYPONYMS
explain	excuse	V	2.32	SYNONYMS
connect	join	V	8.63	HYPER/HYPONYMS
hold	squeeze	V	3.15	HYPER/HYPONYMS
sing	perform	V	4.98	HYPER/HYPONYMS
look	seek	V	8.13	NONE
put	lay	V	4.98	SYNONYMS
giggle	laugh	V	9.30	HYPER/HYPONYMS
comfort	snuggle	V	6.97	NONE
hate	kill	V	1.33	NONE
admire	like	V	8.80	NONE
squeeze	hug	V	6.64	SYNONYMS
seem	look	V	3.98	SYNONYMS
live	survive	V	6.81	SYNONYMS
go	wait	V	0.30	COHYPONYMS
fold	bend	V	8.13	NONE
let	give	V	4.81	HYPER/HYPONYMS
waste	want	V	0.33	NONE
pause	break	V	6.64	HYPER/HYPONYMS
drift	sway	V	5.43	NONE
roam	wander	V	9.13	SYNONYMS
save	spare	V	5.98	SYNONYMS
wander	drift	V	8.13	SYNONYMS
grab	grasp	V	7.47	NONE
attack	hurt	V	6.31	NONE
forgive	forget	V	1.00	NONE
like	dislike	V	0.17	ANTONYMS
bounce	jump	V	6.81	HYPER/HYPONYMS
throw	toss	V	8.60	HYPER/HYPONYMS
seek	hide	V	0.17	NONE
wreck	destroy	V	9.13	HYPER/HYPONYMS
buzz	fly	V	3.65	HYPER/HYPONYMS
stop	move	V	0.00	NONE
break	split	V	7.47	HYPER/HYPONYMS
lose	stray	V	2.82	NONE
draw	design	V	5.81	COHYPONYMS
worry	concern	V	7.80	SYNONYMS
move	flow	V	6.64	HYPER/HYPONYMS
jump	run	V	0.83	COHYPONYMS
wait	hold	V	5.15	HYPER/HYPONYMS
lower	lift	V	1.49	ANTONYMS
breathe	live	V	2.16	HYPER/HYPONYMS
hate	dislike	V	6.47	HYPER/HYPONYMS
munch	chew	V	9.30	HYPER/HYPONYMS
steal	buy	V	1.16	NONE
hit	run	V	0.17	COHYPONYMS
talk	whisper	V	5.31	HYPER/HYPONYMS
drink	slurp	V	6.94	NONE
lay	stand	V	0.66	HYPER/HYPONYMS
look	find	V	4.98	NONE
return	go	V	2.49	HYPER/HYPONYMS
bend	lean	V	5.31	HYPER/HYPONYMS
listen	understand	V	5.15	NONE
introduce	know	V	2.49	NONE
decorate	fix	V	3.15	COHYPONYMS
win	achieve	V	7.80	HYPER/HYPONYMS
push	press	V	6.47	HYPER/HYPONYMS
know	realize	V	6.31	HYPER/HYPONYMS
repair	fix	V	9.96	SYNONYMS
convince	argue	V	4.15	NONE
earn	spend	V	1.16	NONE
live	die	V	0.50	NONE
disappear	appear	V	0.83	ANTONYMS
mix	drink	V	0.83	NONE
cry	tear	V	3.32	HYPER/HYPONYMS
capture	catch	V	9.30	SYNONYMS
destroy	conquer	V	6.14	NONE
promise	keep	V	3.49	NONE
borrow	return	V	0.50	NONE
take	steal	V	6.31	HYPER/HYPONYMS
seem	be	V	4.81	HYPER/HYPONYMS
discover	learn	V	6.81	SYNONYMS
sink	swim	V	1.00	ANTONYMS
seek	find	V	6.47	NONE
chase	run	V	5.64	NONE
tell	respond	V	3.98	HYPER/HYPONYMS
agree	please	V	5.48	NONE
create	destroy	V	1.00	NONE
learn	understand	V	6.31	NONE
cuddle	hug	V	8.47	HYPER/HYPONYMS
enter	participate	V	7.14	SYNONYMS
drink	stir	V	1.33	NONE
hang	kill	V	4.32	HYPER/HYPONYMS
hold	capture	V	7.97	HYPER/HYPONYMS
lean	trim	V	2.41	NONE
chew	swallow	V	2.99	NONE
argue	yell	V	5.48	NONE
exchange	replace	V	6.14	HYPER/HYPONYMS
smash	hit	V	6.47	HYPER/HYPONYMS
hold	embrace	V	8.30	HYPER/HYPONYMS
grind	dance	V	4.81	HYPER/HYPONYMS
buy	replace	V	4.32	NONE
play	show	V	2.32	NONE
fly	flutter	V	5.15	NONE
walk	wander	V	7.14	NONE
glow	shine	V	8.63	SYNONYMS
dig	bury	V	3.82	NONE
lay	relax	V	5.98	NONE
forget	learn	V	0.50	NONE
get	bring	V	3.62	SYNONYMS
help	please	V	2.49	NONE
slide	slither	V	6.47	SYNONYMS
beat	fight	V	5.81	NONE
sink	fall	V	4.48	HYPER/HYPONYMS
kill	crush	V	2.99	NONE
spread	gather	V	0.66	ANTONYMS
accomplish	overcome	V	5.81	NONE
touch	grab	V	4.65	HYPER/HYPONYMS
grind	bump	V	3.82	COHYPONYMS
shake	stir	V	4.15	SYNONYMS
pick	pluck	V	5.98	SYNONYMS
return	come	V	3.02	COHYPONYMS
lift	push	V	1.99	COHYPONYMS
squeeze	play	V	0.66	NONE
give	exchange	V	3.15	COHYPONYMS
scare	shake	V	1.16	HYPER/HYPONYMS
flip	turn	V	6.31	HYPER/HYPONYMS
snap	crack	V	6.81	SYNONYMS
cheat	lose	V	1.16	NONE
cheat	lie	V	5.15	NONE
pop	snap	V	4.48	COHYPONYMS
fall	catch	V	1.00	HYPER/HYPONYMS
conquer	defeat	V	6.81	HYPER/HYPONYMS
know	decide	V	2.99	NONE
snooze	nap	V	8.80	HYPER/HYPONYMS
believe	doubt	V	1.00	NONE
walk	stand	V	3.15	NONE
draw	write	V	4.98	HYPER/HYPONYMS
greet	introduce	V	6.49	NONE
croak	die	V	7.97	SYNONYMS
wait	call	V	0.66	HYPER/HYPONYMS
play	practice	V	2.66	NONE
hug	kiss	V	2.49	NONE
say	repeat	V	3.65	HYPER/HYPONYMS
run	sweat	V	3.32	NONE
flutter	move	V	5.98	HYPER/HYPONYMS
give	pay	V	4.81	HYPER/HYPONYMS
glide	soar	V	7.47	HYPER/HYPONYMS
melt	boil	V	4.48	NONE
spend	buy	V	6.97	NONE
break	fix	V	1.16	ANTONYMS
polish	rub	V	5.48	NONE
conquer	beat	V	8.47	COHYPONYMS
go	run	V	2.82	HYPER/HYPONYMS
walk	run	V	2.99	COHYPONYMS
walk	roam	V	5.98	NONE
wait	stand	V	2.82	NONE
leave	wait	V	0.66	NONE
dance	flash	V	0.66	NONE
desire	want	V	9.46	SYNONYMS
convince	believe	V	5.15	NONE
run	move	V	6.31	HYPER/HYPONYMS
hit	hurt	V	4.23	HYPER/HYPONYMS
pay	raise	V	1.66	NONE
stand	sit	V	1.33	ANTONYMS
worry	think	V	2.57	HYPER/HYPONYMS
exist	be	V	8.47	SYNONYMS
lay	sit	V	2.99	HYPER/HYPONYMS
stay	sit	V	5.15	NONE
get	receive	V	7.97	HYPER/HYPONYMS
drain	sink	V	3.15	NONE
deliver	arrive	V	4.68	NONE
think	suppose	V	6.64	HYPER/HYPONYMS
discover	find	V	9.13	SYNONYMS
lift	raise	V	9.13	SYNONYMS
play	enjoy	V	4.98	COHYPONYMS
mix	combine	V	8.13	SYNONYMS
punch	slap	V	5.31	NONE
attach	combine	V	6.64	NONE
pull	grab	V	3.49	NONE
defend	attack	V	1.00	ANTONYMS
forget	remind	V	0.50	NONE
drink	sip	V	7.64	HYPER/HYPONYMS
bound	jump	V	5.64	SYNONYMS
save	protect	V	7.97	NONE
run	avoid	V	3.98	NONE
join	belong	V	5.98	NONE
cast	throw	V	4.98	SYNONYMS
aid	help	V	9.30	SYNONYMS
lick	bite	V	1.99	NONE
save	collect	V	4.65	NONE
bring	forget	V	0.66	NONE
drink	pour	V	2.32	NONE
ask	receive	V	0.50	NONE
wiggle	dance	V	5.15	NONE
carry	deliver	V	3.82	HYPER/HYPONYMS
repair	break	V	0.17	ANTONYMS
stop	interrupt	V	5.98	HYPER/HYPONYMS
limp	walk	V	3.82	HYPER/HYPONYMS
break	escape	V	2.82	HYPER/HYPONYMS
keep	stay	V	3.15	HYPER/HYPONYMS
keep	take	V	2.66	HYPER/HYPONYMS
admire	respect	V	7.14	HYPER/HYPONYMS
slip	fall	V	6.94	NONE
release	press	V	0.83	NONE
participate	join	V	5.64	NONE
wiggle	tickle	V	2.32	NONE
spring	fall	V	1.00	NONE
count	add	V	7.09	HYPER/HYPONYMS
give	take	V	1.49	ANTONYMS
hurt	slap	V	4.65	NONE
follow	search	V	2.49	NONE
suggest	talk	V	2.82	NONE
stay	leave	V	0.17	ANTONYMS
start	stop	V	0.33	ANTONYMS
fly	flap	V	4.32	NONE
leave	avoid	V	3.65	NONE
hunt	find	V	6.97	NONE
talk	sing	V	2.99	HYPER/HYPONYMS
say	do	V	1.33	NONE
sing	dance	V	1.99	NONE
fight	defend	V	6.47	HYPER/HYPONYMS
cough	swallow	V	1.99	NONE
scare	scream	V	2.49	NONE
fight	argue	V	7.14	NONE
dump	throw	V	4.15	NONE
connect	attach	V	7.64	HYPER/HYPONYMS
rub	pat	V	5.31	NONE
allow	admit	V	7.64	HYPER/HYPONYMS
choke	kill	V	5.64	NONE
wreck	smash	V	8.30	NONE
correct	prove	V	3.98	NONE
take	get	V	4.81	HYPER/HYPONYMS
earn	make	V	5.98	SYNONYMS
bring	take	V	2.11	SYNONYMS
snuggle	cuddle	V	8.47	SYNONYMS
fill	pour	V	6.14	NONE
hunt	shoot	V	7.14	NONE
enjoy	hate	V	0.17	ANTONYMS
stand	kneel	V	0.66	COHYPONYMS
judge	decide	V	6.81	HYPER/HYPONYMS
kiss	embrace	V	6.31	NONE
bury	die	V	3.32	NONE
forget	know	V	1.16	NONE
pinch	bite	V	2.49	COHYPONYMS
stretch	reach	V	6.31	COHYPONYMS
hear	listen	V	6.64	SYNONYMS
spill	drink	V	1.49	NONE
wrap	foil	V	2.99	COHYPONYMS
need	want	V	1.99	SYNONYMS
give	keep	V	0.83	HYPER/HYPONYMS
prove	convince	V	5.48	NONE
carry	lift	V	7.30	HYPER/HYPONYMS
show	see	V	5.15	NONE
relax	sit	V	4.48	NONE
create	design	V	8.13	HYPER/HYPONYMS
build	create	V	6.64	HYPER/HYPONYMS
play	participate	V	4.81	COHYPONYMS
kill	smash	V	5.48	COHYPONYMS
do	accomplish	V	6.97	HYPER/HYPONYMS
shake	wag	V	5.81	HYPER/HYPONYMS
spill	splash	V	4.48	NONE
gather	meet	V	7.47	SYNONYMS
hold	cuddle	V	6.47	HYPER/HYPONYMS
glide	float	V	5.48	COHYPONYMS
sit	jump	V	1.33	NONE
move	crawl	V	3.65	HYPER/HYPONYMS
comfort	help	V	6.14	NONE
speak	whisper	V	5.15	HYPER/HYPONYMS
glow	burn	V	4.32	SYNONYMS
erupt	blow	V	5.64	NONE
say	ask	V	4.15	HYPER/HYPONYMS
ask	want	V	3.15	COHYPONYMS
touch	rub	V	5.64	HYPER/HYPONYMS
attract	like	V	3.32	NONE
hug	embrace	V	8.63	SYNONYMS
look	listen	V	1.16	NONE
hang	hold	V	3.82	HYPER/HYPONYMS
pinch	hurt	V	5.64	NONE
pause	wait	V	8.80	HYPER/HYPONYMS
defeat	overcome	V	6.81	SYNONYMS
shake	wiggle	V	6.31	HYPER/HYPONYMS
take	borrow	V	5.81	HYPER/HYPONYMS
trail	lead	V	2.32	NONE
hear	speak	V	1.00	NONE
use	borrow	V	3.65	NONE
run	roam	V	4.15	NONE
reach	get	V	6.81	HYPER/HYPONYMS
lose	keep	V	0.00	ANTONYMS
crunch	smash	V	6.81	NONE
stir	mix	V	8.30	NONE
reach	grasp	V	4.15	NONE
prefer	choose	V	5.64	SYNONYMS
push	tug	V	0.66	SYNONYMS
hit	kick	V	4.65	HYPER/HYPONYMS
burn	cook	V	2.66	COHYPONYMS
tear	sew	V	0.50	NONE
believe	understand	V	3.98	HYPER/HYPONYMS
understand	realize	V	7.97	SYNONYMS
make	build	V	9.30	HYPER/HYPONYMS
touch	reach	V	3.65	SYNONYMS
cook	grill	V	6.64	HYPER/HYPONYMS
look	watch	V	8.30	NONE
laugh	cry	V	0.00	ANTONYMS
tell	explain	V	6.64	HYPER/HYPONYMS
participate	say	V	3.82	NONE
erupt	burst	V	6.97	HYPER/HYPONYMS
capture	escape	V	0.50	NONE
beat	pounce	V	2.82	NONE
arrive	come	V	7.14	SYNONYMS
admire	want	V	4.81	NONE
rescue	help	V	6.47	NONE
cry	worry	V	3.65	NONE
imagine	think	V	7.64	HYPER/HYPONYMS
control	run	V	1.36	HYPER/HYPONYMS
try	do	V	4.32	NONE
pull	tug	V	9.30	HYPER/HYPONYMS
beat	win	V	8.13	NONE
see	visit	V	6.14	SYNONYMS
waste	save	V	1.00	NONE
worry	doubt	V	5.89	NONE
leave	stray	V	5.64	NONE
show	tell	V	2.82	HYPER/HYPONYMS
understand	know	V	6.34	NONE
bound	tie	V	8.96	SYNONYMS
avoid	dislike	V	3.62	NONE
climb	hike	V	7.64	NONE
fall	jump	V	1.49	HYPER/HYPONYMS
like	prefer	V	8.80	HYPER/HYPONYMS
stamp	collect	V	1.16	NONE
lend	borrow	V	3.49	ANTONYMS
catch	receive	V	6.97	COHYPONYMS
stir	fry	V	1.83	NONE
talk	explain	V	5.98	NONE
leave	walk	V	1.83	NONE
whip	hit	V	6.47	NONE
leave	release	V	3.49	NONE
rattle	shake	V	6.97	HYPER/HYPONYMS
drink	swallow	V	4.98	COHYPONYMS
claim	say	V	5.81	HYPER/HYPONYMS
decide	think	V	4.65	NONE
catch	hold	V	4.32	HYPER/HYPONYMS
dash	run	V	8.30	NONE
glide	slide	V	5.13	HYPER/HYPONYMS
sew	mend	V	7.14	NONE
steer	drive	V	5.98	NONE
search	find	V	4.81	NONE
pray	ask	V	3.82	NONE
search	hunt	V	7.47	HYPER/HYPONYMS
finish	solve	V	5.98	NONE
remember	think	V	3.49	SYNONYMS
grow	learn	V	5.98	NONE
argue	prove	V	3.49	NONE
design	decorate	V	5.15	NONE
catch	throw	V	1.99	NONE
whip	cook	V	2.16	NONE
sing	scream	V	2.49	NONE
dance	swing	V	4.15	NONE
swing	hang	V	3.82	HYPER/HYPONYMS
hide	appear	V	0.50	NONE
spend	pay	V	6.64	HYPER/HYPONYMS
walk	follow	V	2.82	COHYPONYMS
weave	spin	V	4.32	COHYPONYMS
help	use	V	1.16	HYPER/HYPONYMS
help	concern	V	3.49	NONE
crunch	destroy	V	3.65	NONE
set	prepare	V	4.98	SYNONYMS
struggle	hurt	V	1.66	NONE
pinch	grab	V	4.65	NONE
move	tend	V	1.66	NONE
strip	drag	V	1.16	NONE
find	disappear	V	0.50	NONE
travel	hike	V	4.98	HYPER/HYPONYMS
reel	pull	V	5.98	NONE
pinch	dash	V	1.66	NONE
release	take	V	1.49	NONE
exchange	change	V	5.15	SYNONYMS
hear	repeat	V	0.66	NONE
scream	squeak	V	4.32	NONE
lower	kneel	V	2.99	NONE
give	borrow	V	2.66	NONE
happen	appear	V	1.83	HYPER/HYPONYMS
deliver	save	V	1.00	HYPER/HYPONYMS
crunch	crush	V	6.31	NONE
cough	yawn	V	1.66	NONE
recycle	use	V	2.99	HYPER/HYPONYMS
capture	get	V	4.98	SYNONYMS
sneak	look	V	3.65	NONE
examine	study	V	8.30	SYNONYMS
add	attach	V	7.30	NONE
change	convince	V	3.98	NONE
blame	forgive	V	1.00	NONE
accept	deliver	V	1.66	NONE
defend	kill	V	2.49	NONE
breathe	sneeze	V	2.32	NONE
tend	fix	V	3.32	NONE
stop	warn	V	3.47	NONE
stop	hurt	V	0.50	NONE
snatch	catch	V	3.32	COHYPONYMS
hope	need	V	1.99	NONE
boil	freeze	V	0.00	ANTONYMS
destroy	seek	V	0.17	NONE
walk	wiggle	V	1.16	NONE
teach	know	V	3.82	NONE
smell	spoil	V	0.50	NONE
choose	want	V	2.99	NONE
object	disagree	V	7.85	COHYPONYMS
remind	say	V	3.32	NONE
fold	wrap	V	4.68	NONE
cough	sniff	V	3.32	NONE
destroy	fix	V	0.50	NONE
chew	grind	V	6.31	HYPER/HYPONYMS
leave	join	V	0.17	NONE
scare	jump	V	2.66	NONE
blame	push	V	1.00	NONE
hang	fall	V	0.50	SYNONYMS
hurt	kill	V	4.81	HYPER/HYPONYMS
capture	chase	V	2.16	NONE
go	command	V	0.66	NONE
get	conquer	V	3.65	NONE
roam	search	V	4.81	NONE
keep	capture	V	5.81	NONE
treat	pounce	V	1.81	NONE
attach	join	V	7.47	COHYPONYMS
touch	push	V	4.15	HYPER/HYPONYMS
stop	freeze	V	6.31	NONE
lead	ask	V	1.16	NONE
taste	swallow	V	4.48	NONE
live	move	V	0.66	HYPER/HYPONYMS
freeze	burn	V	1.33	COHYPONYMS
throw	move	V	3.15	HYPER/HYPONYMS
guess	choose	V	3.49	NONE
recycle	waste	V	0.45	COHYPONYMS
travel	come	V	3.47	HYPER/HYPONYMS
fly	swim	V	0.33	COHYPONYMS
cook	stew	V	4.65	HYPER/HYPONYMS
ride	run	V	4.15	HYPER/HYPONYMS
lift	tow	V	2.16	NONE
become	seem	V	1.83	NONE
bother	ignore	V	0.83	NONE
go	drive	V	5.31	HYPER/HYPONYMS
aim	hit	V	2.99	NONE
change	stay	V	0.50	ANTONYMS
suck	sip	V	4.15	COHYPONYMS
weave	move	V	3.15	HYPER/HYPONYMS
describe	say	V	3.77	NONE
try	think	V	3.49	HYPER/HYPONYMS
wash	wear	V	0.66	NONE
lie	pretend	V	6.14	NONE
sprinkle	dash	V	1.99	NONE
rip	destroy	V	7.30	NONE
speak	suggest	V	4.48	NONE
connect	touch	V	5.98	HYPER/HYPONYMS
fix	set	V	4.48	HYPER/HYPONYMS
drip	fall	V	1.66	HYPER/HYPONYMS
affect	hurt	V	2.82	NONE
scream	cry	V	4.48	SYNONYMS
snap	crunch	V	5.64	NONE
disappear	shrink	V	3.15	NONE
express	explain	V	5.81	HYPER/HYPONYMS
protect	keep	V	3.98	HYPER/HYPONYMS
pounce	surprise	V	4.53	NONE
drive	desire	V	1.83	NONE
remove	loosen	V	3.32	NONE
lift	hold	V	3.82	HYPER/HYPONYMS
set	lay	V	6.14	SYNONYMS
blame	hurt	V	2.57	NONE
control	capture	V	4.65	NONE
raise	rise	V	7.30	NONE
beat	mix	V	5.64	NONE
grab	squeeze	V	4.32	NONE
surprise	guess	V	1.49	NONE
foil	cover	V	1.66	HYPER/HYPONYMS
look	read	V	4.48	NONE
hurt	bump	V	2.49	NONE
drip	melt	V	4.98	NONE
leave	appear	V	0.66	NONE
enter	escape	V	1.16	NONE
overcome	go	V	3.65	NONE
go	sneak	V	1.83	HYPER/HYPONYMS
shoot	yell	V	1.83	NONE
swim	splash	V	5.48	NONE
charge	go	V	3.32	HYPER/HYPONYMS
release	drain	V	4.15	NONE
leave	help	V	0.83	NONE
boil	bake	V	1.99	NONE
whistle	call	V	4.15	NONE
organize	set	V	5.64	HYPER/HYPONYMS
sing	play	V	2.32	NONE
give	treat	V	6.47	HYPER/HYPONYMS
set	put	V	5.64	SYNONYMS
hold	bear	V	5.31	SYNONYMS
pretend	suppose	V	4.48	NONE
protect	fight	V	3.49	NONE
release	loosen	V	4.65	NONE
stay	please	V	1.83	NONE
hatch	escape	V	3.82	NONE
repeat	understand	V	2.16	NONE
help	ask	V	1.00	NONE
dislike	admire	V	0.00	NONE
grow	live	V	3.47	NONE
push	lean	V	3.98	NONE
follow	leave	V	1.49	NONE
allow	grant	V	8.30	SYNONYMS
pray	communicate	V	1.99	HYPER/HYPONYMS
leave	float	V	0.66	NONE
pinch	tickle	V	2.16	NONE
create	become	V	2.32	NONE
command	control	V	8.30	SYNONYMS
need	get	V	2.16	NONE
collect	get	V	8.13	HYPER/HYPONYMS
lift	pick	V	6.47	COHYPONYMS
stop	spin	V	0.00	NONE
spray	sprinkle	V	4.15	HYPER/HYPONYMS
fight	conquer	V	5.81	NONE
pop	stretch	V	1.66	NONE
catch	release	V	0.50	NONE
bounce	move	V	3.82	HYPER/HYPONYMS
affect	touch	V	3.65	SYNONYMS
stop	walk	V	0.17	NONE
swim	flutter	V	0.83	NONE
please	like	V	2.82	HYPER/HYPONYMS
kill	conquer	V	3.82	NONE
yell	warn	V	3.15	NONE
claim	lie	V	1.33	NONE
become	appear	V	2.82	NONE
gather	bring	V	4.65	NONE
go	sell	V	0.66	COHYPONYMS
ask	talk	V	5.31	COHYPONYMS
spray	shoot	V	2.49	NONE
ignore	ask	V	1.33	NONE
correct	change	V	5.64	HYPER/HYPONYMS
frame	freeze	V	1.66	NONE
stain	remove	V	0.17	NONE
practice	learn	V	4.65	HYPER/HYPONYMS
like	imitate	V	1.33	NONE
drain	remove	V	5.48	NONE
ride	go	V	4.65	HYPER/HYPONYMS
gather	take	V	5.48	NONE
sing	whistle	V	3.15	SYNONYMS
steer	move	V	4.98	NONE
swing	push	V	3.98	COHYPONYMS
shiver	freeze	V	5.15	NONE
take	lift	V	4.32	HYPER/HYPONYMS
enter	return	V	2.49	NONE
spill	stain	V	3.82	NONE
accept	want	V	2.66	COHYPONYMS
soak	stain	V	1.83	NONE
launch	set	V	1.83	NONE
tend	give	V	3.15	NONE
choke	tie	V	1.49	NONE
pray	pounce	V	2.99	NONE
achieve	conquer	V	5.31	NONE
do	think	V	2.16	NONE
taste	touch	V	1.83	COHYPONYMS
seem	believe	V	1.33	NONE
ask	respond	V	2.82	NONE
buzz	hum	V	4.98	SYNONYMS
toss	tumble	V	2.82	HYPER/HYPONYMS
go	begin	V	4.32	COHYPONYMS
breathe	choke	V	1.33	HYPER/HYPONYMS
slap	kick	V	3.49	NONE
blame	admit	V	1.00	NONE
smell	feel	V	2.16	COHYPONYMS
rip	tug	V	5.64	NONE
fall	lay	V	3.32	NONE
bite	scratch	V	1.99	NONE
punch	stamp	V	4.32	NONE
start	run	V	1.99	NONE
lead	organize	V	4.81	NONE
keep	return	V	0.66	NONE
stop	turn	V	2.16	NONE
steal	grab	V	5.73	COHYPONYMS
leave	meet	V	0.83	NONE
destroy	save	V	0.30	NONE
steal	return	V	0.17	NONE
wake	awake	V	5.64	SYNONYMS
receive	achieve	V	1.00	NONE
separate	drift	V	5.64	COHYPONYMS
sit	dance	V	0.66	NONE
pick	gather	V	6.64	HYPER/HYPONYMS
weave	make	V	4.98	HYPER/HYPONYMS
move	slither	V	4.48	HYPER/HYPONYMS
awake	snore	V	0.66	NONE
drift	fade	V	5.98	NONE
bring	send	V	1.99	COHYPONYMS
meet	join	V	5.31	NONE
gather	leave	V	0.83	NONE
swim	run	V	1.83	COHYPONYMS
do	become	V	2.99	NONE
lose	earn	V	0.17	ANTONYMS
boil	burn	V	2.99	COHYPONYMS
grind	rub	V	4.65	NONE
leave	skip	V	3.32	HYPER/HYPONYMS
leave	ignore	V	4.48	NONE
hold	pull	V	2.32	NONE
yell	talk	V	2.32	HYPER/HYPONYMS
flutter	kick	V	1.00	NONE
rinse	flush	V	5.89	HYPER/HYPONYMS
have	receive	V	2.99	SYNONYMS
tie	weave	V	3.49	NONE
see	travel	V	4.65	HYPER/HYPONYMS
explain	spell	V	3.15	NONE
make	allow	V	1.83	NONE
deliver	stand	V	0.00	NONE
hug	pat	V	3.15	NONE
plow	hit	V	3.65	NONE
reach	hold	V	3.15	NONE
stop	help	V	1.21	NONE
sing	chirp	V	5.31	HYPER/HYPONYMS
believe	feel	V	2.99	HYPER/HYPONYMS
protect	kill	V	1.49	NONE
forgive	understand	V	3.15	NONE
help	depend	V	2.32	NONE
separate	attach	V	1.00	NONE
throw	use	V	1.66	NONE
stay	fade	V	0.50	NONE
grasp	take	V	5.31	NONE
swing	fall	V	0.83	COHYPONYMS
forget	overcome	V	2.16	NONE
know	suggest	V	1.83	NONE
move	remove	V	3.49	HYPER/HYPONYMS
show	look	V	1.33	NONE
speak	scream	V	2.82	HYPER/HYPONYMS
seem	pretend	V	4.65	NONE
feel	express	V	6.31	NONE
visit	talk	V	2.32	HYPER/HYPONYMS
drift	flow	V	6.81	NONE
attempt	go	V	1.83	NONE
kill	look	V	0.00	COHYPONYMS
crash	fall	V	3.49	HYPER/HYPONYMS
tow	take	V	2.82	NONE
win	struggle	V	0.66	NONE
blame	excuse	V	1.36	NONE
deal	sell	V	4.48	SYNONYMS
understand	solve	V	5.15	HYPER/HYPONYMS
control	stop	V	3.49	NONE
respond	say	V	7.97	HYPER/HYPONYMS
disturb	wake	V	4.98	NONE
grab	tackle	V	5.81	NONE
prove	solve	V	5.48	NONE
achieve	earn	V	6.14	NONE
touch	pinch	V	3.17	HYPER/HYPONYMS
bend	shake	V	1.49	NONE
flush	drain	V	5.81	COHYPONYMS
stain	wash	V	0.17	NONE
save	earn	V	2.66	NONE
drink	suck	V	5.48	HYPER/HYPONYMS
wander	lose	V	1.83	NONE
launch	send	V	5.31	COHYPONYMS
spin	dance	V	1.66	NONE
tear	split	V	8.47	HYPER/HYPONYMS
create	draw	V	4.48	HYPER/HYPONYMS
tend	leave	V	0.66	NONE
bump	crash	V	3.47	NONE
scare	laugh	V	0.66	NONE
teach	explain	V	7.80	COHYPONYMS
need	use	V	2.49	NONE
return	arrive	V	3.15	NONE
slurp	swallow	V	4.48	NONE
follow	go	V	3.65	HYPER/HYPONYMS
destroy	hurt	V	5.64	NONE
catch	find	V	3.98	HYPER/HYPONYMS
sell	suggest	V	2.66	NONE
play	set	V	1.00	HYPER/HYPONYMS
attach	fix	V	4.65	HYPER/HYPONYMS
flow	go	V	5.31	NONE
forget	think	V	0.33	ANTONYMS
feel	taste	V	1.16	COHYPONYMS
graze	roam	V	5.48	NONE
use	waste	V	2.66	HYPER/HYPONYMS
wash	fade	V	1.83	NONE
mend	repair	V	9.30	SYNONYMS
convince	win	V	2.16	NONE
wash	spray	V	4.65	COHYPONYMS
collect	organize	V	5.31	NONE
hit	crash	V	6.31	HYPER/HYPONYMS
receive	accept	V	6.31	HYPER/HYPONYMS
wear	remove	V	1.49	NONE
shoot	hurt	V	5.31	HYPER/HYPONYMS
squeeze	cuddle	V	5.31	HYPER/HYPONYMS
croak	cough	V	2.32	NONE
stand	rise	V	6.81	NONE
laugh	hoot	V	5.98	NONE
steal	give	V	0.66	NONE
rub	feel	V	5.64	NONE
carry	help	V	3.15	COHYPONYMS
dare	accept	V	1.16	NONE
play	fight	V	3.49	NONE
sew	attach	V	7.14	HYPER/HYPONYMS
hold	touch	V	6.31	HYPER/HYPONYMS
organize	fix	V	3.32	NONE
attract	catch	V	2.82	HYPER/HYPONYMS
taste	try	V	4.81	SYNONYMS
wait	sit	V	2.99	NONE
wag	wiggle	V	6.81	HYPER/HYPONYMS
accomplish	conquer	V	5.31	NONE
toss	flip	V	6.81	SYNONYMS
meet	visit	V	7.30	HYPER/HYPONYMS
protect	hide	V	4.65	NONE
bend	angle	V	6.64	HYPER/HYPONYMS
discuss	explain	V	7.14	NONE
burn	crash	V	1.99	NONE
pour	drain	V	4.81	COHYPONYMS
disappear	remove	V	5.64	HYPER/HYPONYMS
doubt	know	V	1.00	NONE
get	go	V	0.66	SYNONYMS
reel	turn	V	3.82	HYPER/HYPONYMS
scream	kick	V	1.99	NONE
aim	look	V	2.82	NONE
listen	concentrate	V	4.98	HYPER/HYPONYMS
desire	hope	V	6.81	HYPER/HYPONYMS
practice	dance	V	0.91	NONE
drip	spill	V	4.98	NONE
deliver	get	V	1.99	HYPER/HYPONYMS
fly	drive	V	0.83	COHYPONYMS
fill	dig	V	0.17	NONE
mend	bend	V	1.16	NONE
hurt	pluck	V	1.49	NONE
control	steer	V	7.14	HYPER/HYPONYMS
believe	think	V	5.15	SYNONYMS
accomplish	become	V	3.98	NONE
give	allow	V	4.65	HYPER/HYPONYMS
separate	join	V	0.33	ANTONYMS
write	say	V	2.49	NONE
call	listen	V	1.99	NONE
go	pause	V	0.66	NONE
sneak	scare	V	2.32	NONE
hear	whisper	V	1.66	NONE
teach	give	V	4.15	NONE
reach	achieve	V	5.81	SYNONYMS
sweat	relax	V	0.17	NONE
come	join	V	4.98	NONE
fight	hate	V	3.32	NONE
be	do	V	0.83	HYPER/HYPONYMS
lick	dip	V	1.00	NONE
loosen	relax	V	7.14	HYPER/HYPONYMS
stop	drive	V	0.00	NONE
receive	earn	V	6.47	COHYPONYMS
put	hang	V	1.96	NONE
sway	bend	V	4.98	NONE
scare	cry	V	0.33	NONE
hold	pause	V	5.98	NONE
overcome	beat	V	7.64	HYPER/HYPONYMS
bite	fight	V	4.15	NONE
relax	rub	V	5.48	NONE
prove	explain	V	5.98	NONE
bite	attack	V	4.48	NONE
scream	hoot	V	4.48	NONE
steal	keep	V	3.32	NONE
help	prepare	V	5.64	NONE
borrow	keep	V	1.16	NONE
grow	rise	V	5.48	HYPER/HYPONYMS
create	do	V	5.31	HYPER/HYPONYMS
believe	agree	V	3.15	NONE
scratch	pick	V	4.32	NONE
hear	talk	V	1.99	NONE
address	talk	V	5.98	HYPER/HYPONYMS
be	live	V	6.31	HYPER/HYPONYMS
accept	like	V	6.14	NONE
join	add	V	6.81	NONE
catch	grab	V	3.32	SYNONYMS
attempt	do	V	5.81	HYPER/HYPONYMS
dash	walk	V	4.48	NONE
rip	fold	V	0.83	NONE
remove	release	V	4.48	NONE
wipe	rub	V	7.64	HYPER/HYPONYMS
die	grow	V	0.00	COHYPONYMS
find	escape	V	0.66	NONE
search	strip	V	1.66	NONE
hit	throw	V	2.82	COHYPONYMS
release	squeeze	V	1.21	NONE
examine	see	V	7.70	SYNONYMS
throw	aim	V	4.15	NONE
get	buy	V	7.14	HYPER/HYPONYMS
toast	cook	V	4.98	NONE
climb	rise	V	8.30	HYPER/HYPONYMS
search	examine	V	7.97	HYPER/HYPONYMS
return	recycle	V	3.49	NONE
have	earn	V	2.66	NONE
earn	pay	V	0.91	HYPER/HYPONYMS
get	keep	V	5.58	ANTONYMS
slice	chop	V	7.30	COHYPONYMS
sting	burn	V	5.15	SYNONYMS
borrow	dig	V	1.99	NONE
bend	move	V	3.02	HYPER/HYPONYMS
whistle	hoot	V	4.81	NONE
worry	waste	V	0.83	NONE
write	talk	V	1.66	COHYPONYMS
laugh	cough	V	0.45	NONE
grind	chop	V	2.49	COHYPONYMS
separate	organize	V	6.14	NONE
start	create	V	3.32	HYPER/HYPONYMS
create	decorate	V	3.15	NONE
add	build	V	4.65	NONE
protect	hurt	V	0.00	NONE
forgive	excuse	V	6.97	HYPER/HYPONYMS
find	attract	V	2.16	NONE
think	talk	V	1.66	NONE
cheat	win	V	1.00	NONE
grant	aid	V	5.64	NONE
overcome	try	V	5.64	NONE
boom	hum	V	1.00	COHYPONYMS
tear	remove	V	3.65	HYPER/HYPONYMS
rescue	find	V	7.14	NONE
pause	reflect	V	4.15	NONE
practice	do	V	5.48	SYNONYMS
surprise	celebrate	V	3.32	NONE
treat	surprise	V	3.15	NONE
earn	respect	V	2.32	NONE
finish	do	V	4.07	HYPER/HYPONYMS
remember	learn	V	4.32	NONE
call	need	V	2.49	NONE
accept	forgive	V	3.65	NONE
touch	hug	V	3.65	HYPER/HYPONYMS
grasp	release	V	0.00	NONE
break	build	V	0.83	ANTONYMS
wear	use	V	4.98	NONE
accept	give	V	0.50	HYPER/HYPONYMS
block	stop	V	8.47	SYNONYMS
wander	leave	V	3.49	NONE
keep	hide	V	2.82	NONE
tow	follow	V	2.99	NONE
replace	add	V	2.16	NONE
yell	speak	V	4.48	HYPER/HYPONYMS
solve	discover	V	3.15	NONE
connect	combine	V	6.14	NONE
drive	drink	V	0.50	NONE
attack	capture	V	3.32	NONE
want	claim	V	2.66	NONE
stay	roam	V	0.66	NONE
lose	get	V	1.49	ANTONYMS
run	bound	V	6.31	NONE
sit	comfort	V	3.15	NONE
do	command	V	1.33	NONE
search	lose	V	1.16	NONE
whisper	tell	V	4.32	NONE
pluck	duck	V	0.50	NONE
bound	correct	V	0.17	NONE
read	exchange	V	0.91	NONE
sew	convince	V	0.50	NONE
hide	swim	V	0.33	NONE
leap	struggle	V	0.91	NONE
ask	attempt	V	3.15	NONE
appear	command	V	0.50	NONE
glide	please	V	1.49	NONE
miss	cook	V	0.17	NONE
fade	rescue	V	0.83	NONE
kill	foil	V	1.16	NONE
stumble	freeze	V	0.83	NONE
carry	guess	V	1.33	NONE
read	bite	V	0.17	NONE
breathe	slice	V	0.66	NONE
weave	guess	V	1.66	NONE
shrink	snore	V	0.00	NONE
wipe	lead	V	0.17	NONE
bake	understand	V	0.66	NONE
tie	scratch	V	0.83	NONE
lend	sting	V	0.00	NONE
hope	design	V	0.83	NONE
shut	find	V	0.83	NONE
drift	slurp	V	1.33	NONE
convince	slither	V	1.33	NONE
smoke	forgive	V	0.33	NONE
fly	cuddle	V	0.33	NONE
admire	hop	V	0.83	NONE
collect	please	V	0.50	NONE
drink	raise	V	0.66	NONE
print	ignore	V	0.33	NONE
mix	buy	V	0.83	NONE
flush	suppose	V	1.00	NONE
visit	giggle	V	0.00	NONE
guess	prepare	V	1.83	NONE
wrap	swap	V	0.17	NONE
buzz	sew	V	0.66	NONE
cry	cheat	V	0.17	NONE
pinch	drive	V	0.17	NONE
skip	dislike	V	0.83	NONE
mow	dare	V	1.16	NONE
explain	mow	V	0.15	NONE
enter	kick	V	0.33	NONE
replace	explain	V	0.33	NONE
disappear	earn	V	0.50	NONE
spray	attempt	V	0.66	NONE
defeat	trim	V	0.66	NONE
wander	change	V	1.16	NONE
avoid	spray	V	0.83	NONE
listen	seek	V	2.82	NONE
print	rip	V	0.66	NONE
hear	pretend	V	0.33	NONE
embrace	make	V	2.49	NONE
enjoy	start	V	0.50	NONE
squeeze	dash	V	1.16	NONE
smell	remove	V	1.00	NONE
set	swim	V	0.50	NONE
chase	giggle	V	0.66	NONE
roam	draw	V	0.50	NONE
awake	kneel	V	0.50	NONE
erupt	write	V	1.00	NONE
solve	lend	V	1.66	NONE
flip	scribble	V	1.16	NONE
swallow	rip	V	0.83	NONE
guess	jump	V	0.83	NONE
interrupt	push	V	1.66	NONE
cook	lose	V	1.16	NONE
squeak	guess	V	0.66	NONE
tie	become	V	0.83	NONE
laugh	try	V	1.66	NONE
survive	heal	V	3.82	NONE
admit	chew	V	0.66	NONE
bend	decide	V	0.33	NONE
blur	rush	V	2.49	NONE
survive	flush	V	0.00	NONE
hope	drive	V	1.16	NONE
angle	toss	V	1.66	NONE
dip	want	V	0.17	NONE
hop	knit	V	1.33	NONE
lower	walk	V	0.83	NONE
dip	teach	V	0.17	NONE
pour	awake	V	0.33	NONE
hug	discuss	V	0.17	NONE
kill	splash	V	0.66	NONE
kneel	flow	V	0.66	NONE
grill	leap	V	0.50	NONE
create	dive	V	0.00	NONE
attempt	yawn	V	0.33	NONE
understand	burst	V	1.83	NONE
look	heal	V	0.50	NONE
sing	float	V	0.66	NONE
discover	pay	V	0.50	NONE
shake	collect	V	0.30	NONE
bound	pick	V	1.00	NONE
save	imitate	V	1.33	NONE
enjoy	wait	V	0.50	NONE
please	know	V	1.83	NONE
separate	snatch	V	1.66	NONE
flow	explain	V	2.16	NONE
promise	choose	V	1.49	NONE
scratch	repair	V	0.50	NONE
blame	travel	V	0.00	NONE
live	lend	V	0.83	NONE
snooze	happen	V	0.00	NONE
slip	kiss	V	1.33	NONE
snuggle	knock	V	0.83	NONE
repeat	slap	V	0.33	NONE
separate	teach	V	0.83	NONE
snatch	stop	V	0.50	NONE
ride	smash	V	0.17	NONE
connect	talk	V	3.65	NONE
supply	hold	V	2.16	NONE
mean	join	V	1.00	NONE
grasp	spray	V	1.00	NONE
travel	perform	V	0.33	NONE
decide	remove	V	1.33	NONE
happen	hide	V	1.16	NONE
overcome	keep	V	1.49	NONE
attract	bite	V	0.50	NONE
bite	ask	V	0.17	NONE
mix	learn	V	0.66	NONE
drink	realize	V	1.66	NONE
discover	count	V	1.16	NONE
have	own	V	7.55	SYNONYMS
capture	imitate	V	0.83	NONE
invite	encourage	V	4.15	NONE
invite	travel	V	1.00	NONE
pass	serve	V	3.49	HYPER/HYPONYMS
serve	sing	V	1.33	NONE
apply	use	V	6.64	SYNONYMS
return	apply	V	1.49	NONE
involve	include	V	8.13	HYPER/HYPONYMS
involve	speak	V	3.32	NONE
pup	litter	V	3.65	NONE
count	matter	V	4.15	SYNONYMS
count	drive	V	1.33	NONE
adopt	wash	V	1.83	NONE
bet	risk	V	7.64	NONE
bet	hug	V	0.83	NONE
bow	erupt	V	1.16	NONE
tackle	handle	V	3.82	NONE
face	approach	V	5.64	HYPER/HYPONYMS
handle	approach	V	2.82	NONE
approach	promise	V	1.16	NONE
ensure	secure	V	4.07	SYNONYMS
secure	survive	V	2.32	NONE
deal	manage	V	6.14	SYNONYMS
manage	slide	V	1.66	NONE
care	worry	V	6.31	SYNONYMS
care	mind	V	4.81	HYPER/HYPONYMS
mind	worry	V	4.15	HYPER/HYPONYMS
work	participate	V	5.64	NONE
work	disappear	V	0.33	NONE
